<?xml version="1.0"?>
<BundleManifest id="c7cf5eb9-ee32-4114-b461-f28c46cbf92e">
  <bundleProperties>
    <name>FX.ReportUtility.JS</name>
    <description><![CDATA[A client-side report utility module to allow for exporting reports and easily setting report selection formulas and report parameters/prompts.]]></description>
    <address><![CDATA[Customer FX Corporation
http://customerfx.com]]></address>
    <company>Customer FX Corporation</company>
    <copyright><![CDATA[2017 Customer FX Corporation]]></copyright>
    <majorVersion>1</majorVersion>
    <minorVersion>0</minorVersion>
    <revision>0</revision>
    <build>1</build>
    <autoIncrement>false</autoIncrement>
    <installDate>0001-01-01T00:00:00</installDate>
    <installPassword />
    <formatVersion>8.3.0.2066</formatVersion>
  </bundleProperties>
  <bundleItemHierarchy>
    <bundleItem modelId="af988c91-97c8-4527-b072-e021c9e2cb1a" itemTypeName="Sage.Platform.BundleModel.BundleManifestItem, Sage.Platform.BundleModel">
      <BundleManifestItem xmlns:xsi="http://www.w3.org/2001/XMLSchema-instance" xmlns:xsd="http://www.w3.org/2001/XMLSchema">
        <ItemId>c7cf5eb9-ee32-4114-b461-f28c46cbf92e</ItemId>
        <Url>\</Url>
        <BundleItemType>Container</BundleItemType>
        <Caption>FX.ReportUtility.JS</Caption>
      </BundleManifestItem>
      <children>
        <bundleItem modelId="73d4e7d0-a7fa-40ae-8b45-1ad7ed954154" itemTypeName="Sage.Platform.WebPortal.Design.BundleSupport.ManagerBundleItem, Sage.Platform.WebPortal.Design">
          <ManagerBundleItem xmlns:xsi="http://www.w3.org/2001/XMLSchema-instance" xmlns:xsd="http://www.w3.org/2001/XMLSchema">
            <ItemId>\Portal</ItemId>
            <Url>\Portal</Url>
            <BundleItemType>Container</BundleItemType>
            <Caption>Portals</Caption>
          </ManagerBundleItem>
          <children>
            <bundleItem modelId="73d4e7d0-a7fa-40ae-8b45-1ad7ed954154" itemTypeName="Sage.Platform.WebPortal.Design.BundleSupport.ModelItemBundleItem, Sage.Platform.WebPortal.Design">
              <ModelItemBundleItem xmlns:xsi="http://www.w3.org/2001/XMLSchema-instance" xmlns:xsd="http://www.w3.org/2001/XMLSchema">
                <ItemId>861ac5fe-b571-4015-a55d-bf63e400e1e7</ItemId>
                <Url>\Portal\SlxClient\SlxClient.cabapp.ptl.xml</Url>
                <BundleItemType>Context</BundleItemType>
                <Caption>SlxClient</Caption>
              </ModelItemBundleItem>
              <children>
                <bundleItem modelId="73d4e7d0-a7fa-40ae-8b45-1ad7ed954154" itemTypeName="Sage.Platform.WebPortal.Design.BundleSupport.LinkedFolderBundleItem, Sage.Platform.WebPortal.Design">
                  <LinkedFolderBundleItem xmlns:xsi="http://www.w3.org/2001/XMLSchema-instance" xmlns:xsd="http://www.w3.org/2001/XMLSchema">
                    <ItemId>\Portal\SlxClient\SlxClient.cabapp.ptl.xml\SupportFiles</ItemId>
                    <Url>\Portal\SlxClient\SlxClient.cabapp.ptl.xml\SupportFiles</Url>
                    <BundleItemType>Context</BundleItemType>
                    <Caption>SupportFiles</Caption>
                    <InstallOptions>SkipItemAndChildren</InstallOptions>
                  </LinkedFolderBundleItem>
                  <children>
                    <bundleItem modelId="73d4e7d0-a7fa-40ae-8b45-1ad7ed954154" itemTypeName="Sage.Platform.WebPortal.Design.BundleSupport.LinkedFolderBundleItem, Sage.Platform.WebPortal.Design">
                      <LinkedFolderBundleItem xmlns:xsi="http://www.w3.org/2001/XMLSchema-instance" xmlns:xsd="http://www.w3.org/2001/XMLSchema">
                        <ItemId>\Portal\SlxClient\SlxClient.cabapp.ptl.xml\SupportFiles\Custom</ItemId>
                        <Url>\Portal\SlxClient\SlxClient.cabapp.ptl.xml\SupportFiles\Custom</Url>
                        <BundleItemType>Context</BundleItemType>
                        <Caption>Custom</Caption>
                        <InstallOptions>SkipItemAndChildren</InstallOptions>
                      </LinkedFolderBundleItem>
                      <children>
                        <bundleItem modelId="73d4e7d0-a7fa-40ae-8b45-1ad7ed954154" itemTypeName="Sage.Platform.WebPortal.Design.BundleSupport.LinkedFolderBundleItem, Sage.Platform.WebPortal.Design">
                          <LinkedFolderBundleItem xmlns:xsi="http://www.w3.org/2001/XMLSchema-instance" xmlns:xsd="http://www.w3.org/2001/XMLSchema">
                            <ItemId>\Portal\SlxClient\SlxClient.cabapp.ptl.xml\SupportFiles\Custom\Modules</ItemId>
                            <Url>\Portal\SlxClient\SlxClient.cabapp.ptl.xml\SupportFiles\Custom\Modules</Url>
                            <BundleItemType>Context</BundleItemType>
                            <Caption>Modules</Caption>
                            <InstallOptions>SkipItemAndChildren</InstallOptions>
                          </LinkedFolderBundleItem>
                          <children>
                            <bundleItem modelId="73d4e7d0-a7fa-40ae-8b45-1ad7ed954154" itemTypeName="Sage.Platform.WebPortal.Design.BundleSupport.LinkedFolderBundleItem, Sage.Platform.WebPortal.Design">
                              <LinkedFolderBundleItem xmlns:xsi="http://www.w3.org/2001/XMLSchema-instance" xmlns:xsd="http://www.w3.org/2001/XMLSchema">
                                <ItemId>\Portal\SlxClient\SlxClient.cabapp.ptl.xml\SupportFiles\Custom\Modules\FX.ReportUtility</ItemId>
                                <Url>\Portal\SlxClient\SlxClient.cabapp.ptl.xml\SupportFiles\Custom\Modules\FX.ReportUtility</Url>
                                <BundleItemType>Container</BundleItemType>
                                <Caption>FX.ReportUtility</Caption>
                                <InstallOptions>SkipItemAndChildren</InstallOptions>
                              </LinkedFolderBundleItem>
                              <children>
                                <bundleItem modelId="73d4e7d0-a7fa-40ae-8b45-1ad7ed954154" itemTypeName="Sage.Platform.WebPortal.Design.BundleSupport.LinkedFileBundleItem, Sage.Platform.WebPortal.Design">
                                  <LinkedFileBundleItem xmlns:xsi="http://www.w3.org/2001/XMLSchema-instance" xmlns:xsd="http://www.w3.org/2001/XMLSchema">
                                    <ItemId>\Portal\SlxClient\SupportFiles\Custom\Modules\FX.ReportUtility\main.js</ItemId>
                                    <Url>\Portal\SlxClient\SupportFiles\Custom\Modules\FX.ReportUtility\main.js</Url>
                                    <BundleItemType>Other</BundleItemType>
                                    <Caption>main.js</Caption>
                                    <InstallOptions>SkipItemAndChildren</InstallOptions>
                                    <IsLinkedFile>false</IsLinkedFile>
                                    <SourcePath>C:\_RPF\SLX_EVAL\Model\Portal\SlxClient\SupportFiles\Custom\Modules\FX.ReportUtility\main.js</SourcePath>
                                    <ParentModelItemUrl>\Portal\SlxClient\SlxClient.cabapp.ptl.xml</ParentModelItemUrl>
                                    <ProjectPath>SupportFiles\Custom\Modules\FX.ReportUtility\main.js</ProjectPath>
                                  </LinkedFileBundleItem>
                                </bundleItem>
                              </children>
                            </bundleItem>
                          </children>
                        </bundleItem>
                      </children>
                    </bundleItem>
                  </children>
                </bundleItem>
              </children>
            </bundleItem>
          </children>
        </bundleItem>
      </children>
    </bundleItem>
  </bundleItemHierarchy>
  <bundleActionHierarchy>
    <bundleItem modelId="af988c91-97c8-4527-b072-e021c9e2cb1a" itemTypeName="Sage.Platform.BundleModel.RootBundleAction, Sage.Platform.BundleModel">
      <RootBundleAction xmlns:xsi="http://www.w3.org/2001/XMLSchema-instance" xmlns:xsd="http://www.w3.org/2001/XMLSchema">
        <ItemId>\Actions</ItemId>
        <Url>\Actions</Url>
        <BundleItemType>Container</BundleItemType>
        <Caption>Bundle Actions</Caption>
      </RootBundleAction>
    </bundleItem>
  </bundleActionHierarchy>
  <itemsToDelete />
  <globalResources />
</BundleManifest>